{
  "accuracy": 0.6732117812061711,
  "macro_f1": 0.8021305695031448,
  "micro_f1": 0.8289017341040462,
  "weighted_f1": 0.8235419790934505,
  "per_class_f1": {
    "cardiovascular": 0.8723404255319149,
    "hepatorenal": 0.7842105263157895,
    "neurological": 0.8651026392961877,
    "oncological": 0.6868686868686869
  }
}